Hours_Studied,Sleep_Hours,Attendance_Rate,Exam_Score
7.49080237694725,5.110797573031718,0.630852841867953,71.04316170598626
19.01428612819832,7.251405684270149,0.6234893995359999,93.07952257741323
14.639878836228101,9.23767501525845,0.9531272902605183,90.90018372707576
11.973169683940732,8.393349318457368,0.624773099924753,69.71135838719961
3.1203728088487304,8.839366887168698,0.6359748630643155,65.26442764346532
3.119890406724053,7.952700200264304,0.8796991312089819,63.74489876360046
1.1616722433639892,8.153659387107115,0.72486992122527,54.297706796952475
17.323522915498703,9.095173909391916,0.8883552784775905,92.30320098465516
12.022300234864176,5.498008053155115,0.5326830787821926,65.03528640032027
14.161451555920909,6.936549781858843,0.7437855968366922,83.79953646168283
0.41168988591604894,5.327256650917613,0.5168068000916413,45.27167010150018
19.398197043239886,9.926008047979881,0.5313266017276772,84.30779258571201
16.648852816008436,9.66435603811968,0.9532187266722054,84.09843333195553
4.246782213565523,4.236560868211035,0.5696226855587976,63.47657863241566
3.6364993441420124,8.23345103509413,0.7662103411376086,58.60566180484795
3.6680901970686763,9.551489904493994,0.7055478013003533,69.2544413815894
6.0848448591907545,5.083452070764001,0.6736716631294213,60.79297112483964
10.495128632644757,7.407671383315777,0.9499166728436362,69.6419956251821
8.638900372842315,9.49292978552825,0.5109116983877448,63.54866572473986
5.824582803960839,4.203675871514793,0.8318948430877946,70.89957434113161
12.23705789444759,8.18452160348104,0.9816972171067753,81.91450003236622
2.7898772130408367,5.784094044235305,0.780084091730921,56.13867290814934
5.842892970704363,9.546377172259183,0.9684112310165459,71.13324383238715
7.327236865873834,9.826349470992206,0.5261289396430119,69.33560659876765
9.12139968434072,9.665598934680602,0.7093966595370806,78.18909356470009
15.703519227860273,6.845285299944782,0.6300788954810256,90.46857759092408
3.9934756431671947,9.17225590593588,0.8654104824903649,62.763180827207606
10.284688768272233,9.067296391210423,0.9906485452486233,72.78657003778277
11.84829137724085,5.914602839459533,0.6282650312221238,72.87241339209882
0.9290082543999545,8.973492844904065,0.8270873007370372,58.986889721433855
12.150897038028766,4.222045808292956,0.5990488163798701,69.23587950915706
3.4104824737458306,7.577619270892319,0.782665127285805,56.41910014498122
1.3010318597055903,5.3800530237262185,0.731966243344168,56.6372313341032
18.977710745066666,4.723401314663673,0.9860026648157685,93.95418852728201
19.312640661491187,4.461719209775255,0.8042636363482333,91.59450087862504
16.16794696232922,8.177732655268839,0.6747531860434094,81.6753564394056
6.092275383467413,6.039249782608397,0.5570478924439667,61.50803627422494
1.9534422801276774,8.34860062917257,0.5756234143674672,51.267325517871264
13.684660530243137,4.392138044793654,0.6126584649756175,81.86104557843653
8.803049874792027,5.891742026983662,0.625483330670149,73.97651365734447
2.4407646968955765,7.236947754252023,0.9253080289205688,52.28301227802383
9.903538202225404,8.744338989033782,0.7806113941412625,70.12431214380798
0.6877704223043679,5.912515017592419,0.7616954556871832,46.989393354929106
18.186408041575643,7.755348258622055,0.5573844359346087,84.58399827940174
5.175599632000338,9.315866489417122,0.9300698466747175,67.74087993561588
13.25044568707964,7.695179129093828,0.8614071516042419,74.99494384938095
6.2342215217882195,5.397756848521802,0.5338341809500008,57.67885523017573
10.401360423556216,4.146404689339228,0.8539175486148843,69.18350254476725
10.934205586865593,9.22059324340558,0.771769108671323,77.97065231888469
3.697089110510541,4.127616465102323,0.5408626728733892,56.76118509997142
19.391692555291172,9.248210036105196,0.7291503207643282,89.61456019458385
15.502656467222291,7.173622804163272,0.7423481435650234,85.43531084630403
18.789978831283783,9.634406191077378,0.5828872700816379,87.55593489465193
17.896547008552975,8.792699414641993,0.9728490735001412,92.79491754190386
11.957999576221702,9.987604663200024,0.924987685740331,90.32023332452759
18.437484700462335,6.104270892710261,0.8345111686645541,97.95341038428148
1.76985004103839,8.603129733586762,0.7311477805003036,51.18689234573634
3.919657248382904,6.411585481655453,0.7058827707922543,64.56701407120495
0.9045457782107613,6.879253721823453,0.8254867335754771,60.54885724572803
6.506606615265287,7.7650327793102205,0.7727159347034527,61.602538464997075
7.773545793789641,9.242062685118032,0.5311365529409429,71.58226848077402
5.426980635477918,9.904500815195771,0.7562513243851658,73.70420658853232
16.57475018303859,8.609640483187109,0.9032018086164197,84.4971680699859
7.135066533871786,6.506600693004002,0.729619938798479,62.65848330577133
5.618690193747615,6.528142013662421,0.5259782887771343,66.75728802092051
10.85392166316497,8.42549380953335,0.8931390996920165,79.75030474617273
2.818484499495253,5.4326628746098145,0.6006818910679872,58.994959749607325
16.043939615080795,4.6628446787883675,0.6293104174440194,84.22922762711079
1.4910128735954165,6.127732945844659,0.582353176716148,55.753135009193706
19.737738732010346,5.72343394992449,0.6651075324357487,84.44390695210112
15.444895385933147,5.777848722735941,0.8783757528443175,91.05296575994382
3.974313630683448,5.40164650629946,0.7596929297519687,66.54034345607359
0.11044234247204798,4.252559137818171,0.6024406370753563,48.88979838107545
16.309228569096682,4.107243608400482,0.9389150390760204,87.29658759135128
14.137146876952343,9.92633433841619,0.9397909274757645,78.90265181386135
14.580143360819747,6.566638802415174,0.9352892125230035,88.16685573938545
15.425406933718914,6.30595988295809,0.6193981056907696,85.08114231750002
1.4808930346818072,8.07788369615842,0.725619672090494,56.44255546896991
7.169314570885453,5.3095233271903854,0.9924948280704375,76.7235766571371
2.3173811905025943,9.699767103701351,0.8860062381549951,60.15778149962404
17.26206851751187,8.718070086493313,0.5135837106127799,88.84276239768212
12.465962536551158,4.536466013873557,0.5326022956302461,69.059949801406
6.617960497052984,6.50548465470957,0.7319656884061664,66.12765340759638
1.2711670057204727,9.274709845372989,0.9546101029307801,59.919689696300146
6.219646434313244,9.668392133748462,0.7693508989763571,68.81305200503219
6.503666440534941,6.804409067499218,0.7489062540171452,64.59388268553028
14.59212356676128,7.680468335264246,0.5527368499783153,79.89616177476758
12.751149427104263,5.002203676552451,0.828390052362147,83.20451754076686
17.74425485152653,9.947011756821858,0.9110515803001127,91.06650340201912
9.444298503238986,5.390030208300661,0.6902100037537812,62.584541572775834
2.391884918766034,9.656390644810754,0.8878059254626638,70.73610303293816
14.2648957444599,7.897879893954211,0.9822383269504058,93.51593325946673
15.215700972337949,7.6464207692731545,0.6018832295638445,75.88837136351134
11.225543951389925,7.076131066099052,0.7616648155973706,79.68125930994061
15.41934359909122,5.384018870306552,0.6435689790422878,79.4266702579777
9.875911927287815,5.05916819203305,0.8964272095169197,75.85285577995904
10.454656587639882,5.322917254421052,0.7887966829405788,75.52387037261241
8.550820367170992,5.118629572865527,0.8172912087751518,69.39656749733882
0.5083825348819038,8.67750684140052,0.898957079807947,54.0164575318784
2.157828539866089,6.100751555000381,0.6979852363312274,53.1446955701809
0.628583713734685,4.347056059380378,0.9575450342035217,52.100011234146436
12.728208225275608,9.814615780844868,0.76651443362307,76.57123533508782
6.287119621526534,9.302715309780554,0.578977411417674,64.7406021115687
10.171413823294056,9.566513699171278,0.8479495590844013,73.23314663200787
18.15132947852186,9.969446935878612,0.8966306752191272,97.22471426596329
4.985844582977499,5.043371495316924,0.6583808385337633,68.47980882277133
8.207658460712594,6.377452113415952,0.9285896284993764,69.71392303229875
15.111022770860973,8.549430854224548,0.9530716273828832,89.27434625346811
4.575963309832449,8.176123708322754,0.6384522436889044,64.30474142223567
1.5395981965758598,4.92337543803913,0.9917607363576111,61.931705489510655
5.795029058275361,8.894998749943706,0.5703557640243793,64.17023677818715
3.2244257450800884,5.346643431019964,0.601007834201245,60.71121075489943
18.59395304685146,5.342905688935739,0.5921124196190131,90.03953990211205
16.16240759128834,7.221846537360482,0.9469948550039352,83.16654367967648
12.66807513020847,7.557639609050219,0.8271462761624809,84.77098865561807
17.429211803754356,7.480517247026867,0.5760521416111364,90.81839877255788
16.07344153798229,4.548921024386529,0.7201617091841745,79.91524133879125
3.7314011777207168,9.264765175782282,0.807649012534901,63.306883838765756
17.851179969799556,5.593600255532237,0.5417320424946916,89.14897896394028
10.786844838313014,4.777089527696825,0.9412081842036694,75.94281523895025
16.14880310328125,9.332488479213863,0.9018017677207676,94.95969729342166
17.921825998469863,9.73390898937852,0.7526033867883191,102.68689698231336
6.3600694994372775,9.172765703592704,0.9835633076295852,67.55014886509136
2.201038490553535,8.857096448349267,0.7088804896375498,51.45023177012893
4.558703250838834,7.93145188383413,0.992055159518249,68.92708391237178
8.542155772525126,7.305144223654835,0.8339599994018135,75.75542596929971
16.36029531844986,4.521920559468461,0.8173356366269707,84.62607657319039
17.214611665126867,6.4507192784241925,0.5829774476478925,92.71363356260103
0.13904261062381407,6.236131102073884,0.940963879152322,49.93086048112869
10.214946051551316,5.558522702561957,0.7137448439603076,76.06175808165851
8.34822006297558,8.34052068213151,0.5811167028912396,65.7080901348588
4.442156209414605,6.975254410472624,0.5063037599878795,67.967849005512
2.397307346673656,4.486277295445888,0.7798778418191913,67.19353614510659
6.752303428072559,5.3210992116988685,0.7636998110613382,62.423950304327434
18.858194078250385,8.099552581957575,0.8596768111845793,90.89695854302754
6.464058640415105,4.456785156941801,0.9451290265089011,72.49207528771859
10.375812434867322,9.107241484292611,0.5397032923215148,70.78223001255121
14.060379177903556,6.970879162083846,0.8657482451701812,83.30962926959195
7.27259204758588,6.883519463959888,0.5937059720487912,66.06793265676343
19.435641654419214,7.554446707957106,0.929088526578582,86.15057855523023
19.248945898842223,8.948085795550895,0.9095317569308281,95.67518859356613
5.035645916507283,6.086855247413158,0.7703968774927722,59.959232334841964
9.94497011784771,8.068096915354381,0.8551213993116558,73.25797089057392
6.017566196335393,7.394391783974746,0.6571750565918741,71.72987224736708
5.696809887549352,5.602169621016528,0.7355839494664074,57.622593625694776
0.7377389470906559,9.271779918130948,0.9108184488552358,62.97228556488921
12.191286679597937,8.784556129641569,0.729632598586607,77.20302156053661
10.05358046457723,7.950711007950553,0.678899132662721,71.77650196224359
1.029575024999787,9.103490374565451,0.74710622362515,60.64428390691304
5.572929284732229,9.203765205758813,0.9141246262186091,70.3036657346556
18.165317719333075,8.250177860290208,0.6676040236854364,92.2575886029873
4.791237813339448,9.022079970182032,0.586880796567872,66.87872284534717
2.897897441824462,8.184828770015702,0.8560070101653904,60.04947490603117
9.78905520555126,8.080844630561803,0.912989106354041,73.38046576225123
19.713009082212015,7.711668269291106,0.5503187392617667,85.3597398756292
4.841105430230009,8.516299837345848,0.6199370563779724,58.1531877721164
13.442710948117572,4.951630631758443,0.570985994880497,91.56682200584486
15.23239230657435,9.28522455519357,0.6739707057910833,90.37204757093023
4.752750879847993,9.231061166471392,0.7251754894527063,57.123723268003424
14.564326972237192,4.175483698207355,0.8744131684816532,76.29254815435173
7.355662654385064,8.954900503388576,0.8255737924408371,72.9137984161977
12.646116611871589,4.773219204840672,0.8104642837392155,81.15139024920624
12.670594215217895,6.010713125554851,0.6761874733048272,80.01292932287419
10.71549368149517,8.461049537749647,0.9207237765423799,77.35989610645682
1.805795401088166,4.9645593762898494,0.7356435836990822,55.08042168514258
16.70604991178476,8.907802144714374,0.9895524690075772,93.79742073555983
6.415601299434717,8.992805067746453,0.8170710691478684,68.93312076531937
3.7303702079970846,7.044806402565017,0.5631323707822513,47.49803547740292
0.8155028310952783,4.038315230301001,0.838088781037717,53.53460349351089
11.817858863764837,5.722228799049477,0.6625520077158495,70.94479135677702
13.55128723684565,7.701561510254454,0.8431635983430488,83.41338631031093
0.33175657855712304,9.88711706816454,0.5348205740812029,67.88327457213748
10.24186116598562,7.7908811621000105,0.5874407185879797,74.1456416303036
4.529915503958759,5.558821486384959,0.9278686294528932,63.17473044443164
12.903455808188998,7.804034218597668,0.6135897785117574,82.56155375833495
3.487328580099829,7.239912278295133,0.9185205626214701,65.89702236165415
13.81875476204932,8.679072370906862,0.6396380442272052,82.66742987081528
7.734706926010748,4.64188383296175,0.8214409550293538,71.71482870078016
18.73459977473469,8.566167415012167,0.8470752867549155,103.70768749016581
2.750418882919865,7.247599472056661,0.7563273765725265,53.643116394182165
6.82132702100517,9.777952023153968,0.6526553383483656,69.6513194378761
2.2694704248117814,6.051232996232116,0.6063221881855481,50.963077372398715
18.493872365571256,7.795731358803689,0.5165946772812131,90.81025965322573
17.54678706761962,9.592168633060105,0.6519732006203619,84.04220003423183
5.158832554303112,4.6150583679440755,0.8265813952656416,61.50800514302439
13.19968092068358,9.623370923418706,0.9691524092242414,83.62294374599954
16.344444004024318,8.127314333804879,0.935602241131526,94.87402062541938
11.104016231989247,4.407022354631032,0.8830323882676513,80.8956394222962
10.59301156712013,5.805781401680898,0.8942236716266494,70.18235274594427
4.837045818009034,8.24903253187169,0.8324924517379977,65.49553772426661
1.8620553561179842,4.40410360881263,0.6301434287830014,50.44280573012495
17.944315159066534,7.49302276105764,0.9535975153529149,86.90160385982975
18.008361143266608,6.07529834171774,0.8353661559529171,89.30443926860492
12.66202914546536,7.725493106604863,0.78022031549022,78.20751314051377
6.780595820974014,4.274452202875077,0.5554947346067405,74.98294258733843
6.984191492253218,9.229220836914259,0.7235277719032127,70.48199629194076
14.519113577404788,9.840933815064382,0.7301791356009631,76.89283415998398
17.942205199051543,9.813267131714149,0.932281804761335,91.14987441222164
17.741728485302346,8.497910990457548,0.7733241100938942,95.31602822995757
15.597510917152476,4.780517440783791,0.6902002744852048,92.96031821862329
12.840632923085755,8.549579175574134,0.9884001642553297,76.29259716127754
1.6827992999009767,4.147521498752809,0.5553602966631579,43.15986665626326
3.2325742818922754,4.1327413091739835,0.7112742141559723,66.97782797719275
17.971083770541586,5.941661314897248,0.5210123375857026,87.91743394843199
12.128581193191799,6.931859142427994,0.8699520603834652,75.38239182298385
0.18394103233259296,8.622444506846758,0.9590382760995753,61.04777141403373
2.029430857320642,8.099772259639032,0.6400186647752447,43.514391584065386
13.270035382161115,6.67541623826049,0.9291708383995605,82.9415808341068
0.10123167692437374,5.641759997689995,0.6461091152309488,53.14185591049892
3.216161028349973,9.982747000946267,0.9553850808219576,69.65992491251164
10.974675787331723,6.557087813415838,0.876980951798392,72.25287108021314
13.837903953853864,6.708322145978053,0.9024533884207193,84.01859355235162
13.039225190052012,4.981742927150015,0.5090032778002272,70.73811613325597
4.485386189211196,8.768857292499575,0.981405178537013,68.76292932214959
14.243584426950717,8.162093354688931,0.8633354960351616,80.03473230407067
4.744981749936001,5.324617676732562,0.6523755476930666,58.62793778693774
6.5079939631853545,4.494286273695057,0.9146973324294234,62.76354258472036
14.929828102360483,8.082995812448278,0.640760599207465,85.75026184914122
12.992657980944294,7.927067285686811,0.936376919783064,87.49210330785286
16.98446820988356,5.639557161989256,0.5562901952059685,83.01474692687405
13.152257846006867,9.705181373502462,0.8518429887303979,83.0980124677423
11.366172066709431,4.906347350685401,0.7703492383224552,68.06884940556908
1.8734953565618495,6.594008806255611,0.5482672350977205,52.958217733385446
7.354316061188671,9.661695521005594,0.6209469141294195,67.63834015109803
5.304047353634509,6.518363901556734,0.5062020181386574,73.93379101627323
4.8797928675816715,7.8311556859845135,0.7343839827322529,57.988209584866595
19.460211095048912,6.385566387776766,0.6506326303800002,98.05544005553209
7.861954493335208,5.64529121409202,0.7991787421488794,74.22301594636808
17.840931103542268,9.903865887758968,0.6486189038543086,90.73323149723059
12.622772519945258,6.456004037890258,0.6499595557534923,85.8857220681022
15.896226070832968,9.364595222074806,0.8715965993658017,90.43027366595642
10.052741862103842,5.3797276353465175,0.5240714179891768,71.75606017758557
11.538077692527182,5.2786282241505,0.9514474975959937,78.75565516124209
9.850353876377278,4.186804497307068,0.9261319371955907,80.53426055845277
3.90485975596089,7.91000095225531,0.8339023416132032,68.68341400858567
14.449042305230106,6.211158062342567,0.7966107850536921,79.59224411736415
5.615447248817116,9.186149499037821,0.9461512490698261,62.679278776327266
0.4863193286290768,6.839259440149343,0.5926650897643573,51.315847903205814
12.909445918143357,9.80916056748833,0.5394845810954143,74.12500898085237
3.542213588140979,5.113153094218727,0.619755084954769,57.391452637237414
18.809171687058285,9.211739007733666,0.8972891393500951,100.96206608001576
19.078571540051747,8.65958111675045,0.5173351333632417,87.37514107246058
18.29728780440897,8.625531067864312,0.7914034175417448,91.45442872939809
7.4031740051088875,9.068699368701326,0.997718758095655,74.08517327011765
0.30913233057734857,8.566143945657993,0.9278480469187698,62.24983172796428
18.566371251754507,7.7573219297884926,0.7607228445217947,80.04087908046218
8.563682966346287,4.787469266094325,0.5318204546433212,63.48628029519596
19.333096380873393,4.1951570769475115,0.9156867571928549,94.2520583765784
19.272399541785056,9.525087086894121,0.7994892540886053,100.1958464832689
17.060189109347203,7.699901887124428,0.5574664985297835,83.09316406999287
5.888977841391714,8.779223745857058,0.5469286424116782,54.27542801718202
7.701954572038505,6.8891341090753,0.9548134097182962,75.49330086392783
17.022733430337137,4.703849133774367,0.8346001314690392,84.34073639210875
6.338440103125553,4.751114753215303,0.9146433996583778,61.633387992268794
3.3898549337218498,8.113391723373828,0.9394894501411337,61.029592013678524
11.136025249167004,6.581835369396776,0.7858861760241611,75.22212090713809
18.72309548321562,5.20314836020202,0.7587231758775206,87.02219942801935
13.92059593349946,6.949567280448621,0.7152137051604951,69.83727760422113
11.401223401787298,4.385253622450804,0.6584732938955596,77.90594772510757
1.9435298754153707,7.4918284114863924,0.7172979804293559,63.61796026392147
12.300144533983396,5.613960426610586,0.8869398278650782,82.8326608742278
19.801077002085265,8.78535460382313,0.8009617155075658,89.22115200689045
2.8016803047304806,5.862171753541443,0.946261644977423,60.813590599441916
10.366593047274735,6.731320894490807,0.7216900071895939,73.69238095945978
17.547461438559107,4.069723239448604,0.803544789359377,90.5978036293769
14.815372355084088,4.434681326767353,0.8156537765459944,85.9429629069384
13.94031481990536,6.354961338440109,0.7958485811531628,78.10622488218864
14.049681679742186,6.879633008302741,0.8513168865427582,83.62546190963498
7.189823024395103,7.600123288715823,0.6187167341874031,68.76464837676018
5.871836885289867,5.749975472255819,0.7561818887728953,71.93462781218311
16.187223109570272,8.169891316759255,0.5521124014041738,87.52016647751195
16.202267893583617,9.160734383135228,0.6922556638224062,90.22200979847163
17.341446371602075,8.679105933360098,0.7438335343106321,89.47300585738581
18.264811051129428,4.237712952090143,0.8261121297727363,96.58224216474464
10.226847977218757,6.883041683546974,0.9752655262931018,79.88460388541412
10.030325893743992,4.629581070509049,0.8003255332741779,68.61536021995661
15.965903579335503,5.452270095175165,0.8717969580882798,93.55398533962013
12.999278615555303,9.919975559602879,0.7531330297476013,84.60896500783
14.039337545154067,4.854973257409079,0.8170520156881657,79.1493961036051
15.91585338872202,6.993328920708136,0.5354661080668868,80.23495235453441
17.800106836351326,7.708934405908715,0.6271957904209235,89.34632735337435
6.759903137030716,8.214789823264624,0.6809265466025693,69.07077626236617
7.51165905279888,7.357892100921484,0.7362466775032568,69.56800155852716
1.87963879681738,4.058625084515102,0.5228243727511919,54.093083086842185
11.56560281992348,5.9587678494639515,0.5700120487766589,82.203306137755
0.7188454759348417,7.106269860308268,0.6384071538956528,58.86831998727129
9.311960362649202,4.527198994869,0.9857663454505253,75.67761621022926
10.852892694151532,6.103761587255084,0.6656735035515253,78.2552880277426
5.730825042565688,4.1992186527482,0.7410205290560412,57.937743357664104
11.816665211380215,4.471470982930125,0.5980488563691965,75.54334591283204
0.6100049987809886,6.381539657209577,0.8053900355378841,64.33158568288702
0.7469637749842883,4.796294524258363,0.6403416077579871,51.074205053709996
16.452011213193167,7.405245089569349,0.6034962892192134,80.47170448714166
7.203812828225258,8.136789814823594,0.7582863142229895,65.45468020705987
2.5412102530376957,8.803520194654498,0.5027528995802104,51.06307809233242
10.444865201096087,5.200901465468861,0.5038320163246126,66.34603337132742
15.399871061972217,5.004895493554418,0.6095344045509289,79.37401066027155
4.316420549936863,4.627407042006402,0.5183606812504106,50.74540657224141
12.457809516380005,7.81858149726182,0.5540128770653456,76.45153133669255
1.70694929987536,8.238854358921408,0.6694303246693758,61.01767544591654
1.033634423372154,4.189516868953852,0.9012928397899065,51.792268576064934
10.62709263136296,9.617273477462138,0.7860243216846504,84.3324659826305
10.81270243220213,4.311827701908834,0.7563338629782081,76.1292566971032
12.748598029964132,7.247778011806423,0.6467444116040608,82.90939160475595
14.52182667445323,8.254363116705498,0.9658768597164082,83.70278389301325
19.51704158925069,9.225814742476514,0.6985075206185958,97.29804477027928
10.326006966023906,8.284521592794567,0.5435463833978857,66.78162460256448
6.459129458824919,8.81036849841875,0.8085332580589006,72.81143618695958
15.903723895374073,6.036701155256837,0.5569191967383007,83.13914414681355
5.416645025241484,8.888950682479074,0.672611571400846,67.06791240947553
8.779428414112722,4.480689078308051,0.7537059693589044,63.7119021487012
1.5691276268453191,9.368899936363166,0.9371112623425879,56.6272788628982
0.5070148683091502,7.285554256922417,0.7467732901700593,57.674404063063946
19.252968293558503,8.903786619774962,0.8511293830158322,89.96017288071104
16.719602410244118,6.713909707109801,0.9964084194995352,93.45689763251383
13.91948412187396,7.86146617117915,0.5657445599489908,72.61544015622333
8.179058888285397,7.15841596561668,0.6373657627597598,72.68790487016076
3.4658864014169155,8.389537130531991,0.6972880377988232,54.320671616604585
3.128740853421721,4.489779892183537,0.7109140892694157,60.4297000337228
5.004857963291906,4.362112503943383,0.7055105376327728,64.38102306234534
10.984533294122409,5.482619404060879,0.9538055012782775,74.60715501563249
14.291918454001246,4.95726808067913,0.8570163222334282,85.51821648915345
13.203947534354626,9.23070139955321,0.8039526070453519,83.28812514383908
5.598677938918857,5.315283924148266,0.654686358931391,59.70575874207973
19.09730561326388,9.855191534914788,0.9118951921106473,90.8852600299749
14.75793833391537,6.0213747506266415,0.9775302557424945,76.61994911803045
11.087081050228013,5.0927074941321955,0.9105991412751133,78.98442867566659
12.234414924687044,8.738191042854876,0.5007825525957365,68.02077706104376
8.392001248555799,7.952246653005257,0.8182006850917035,72.41516553721985
4.954619790023149,6.989174298718834,0.5255676907210504,59.28532643757908
7.119453573025232,7.332181305625787,0.6288036101668609,69.71196108276605
15.156922209287382,8.315210669633583,0.5297623501738858,80.26093049799225
0.28786977259511737,5.370728447987792,0.8018977264746938,52.31134989323577
2.3214528101383247,9.978003496340452,0.8432949567463034,64.89011636111314
0.920052840435055,9.848758972880699,0.5572438190329525,56.035422305816404
0.8145760463794027,7.901954118081621,0.6919194415224897,56.43058140931122
17.109211680220145,5.197254705574871,0.728118254477771,88.70556970984025
14.073157187600474,8.081369454587747,0.6845265108804583,73.68254407032475
9.483476581746505,4.433190453875055,0.5605125002425966,72.20918208300017
1.9566832130200296,4.183915013234836,0.7094738950937377,58.145628635482225
9.832317502336647,5.546097331067282,0.875589023904209,69.31282682019933
9.469435415611313,6.775737740435898,0.5355038322666277,68.39518619394885
3.4640373982003037,9.209635032450283,0.5400900070409518,58.75272466548175
8.67703298475946,8.363014418597848,0.6773856459179921,69.94575825411107
7.970094687947469,8.456239127199886,0.9708628558094625,75.75912006233641
12.31700196104433,6.552960006688452,0.834286323361457,86.43079951948783
12.701873017352876,6.075609955281777,0.8393349783362825,85.25203745562331
0.9060801954408904,6.226232577907616,0.6809599954189325,47.37385554087105
7.492252292529424,9.925897382416347,0.7968303956042693,73.89585899287154
12.517198314284727,4.240655148474895,0.5050655920138717,80.4078310671061
10.062725171601754,9.202188976734691,0.8180480232047711,77.85205162420607
17.129796823766444,7.472052451434361,0.9566434737881184,97.06667970580727
13.1738726323789,6.6316925151375425,0.8062867341724096,90.63570229873667
3.258688541628594,8.35154596249082,0.9368492967331725,69.08250329419644
1.4113749480085969,6.920013648548217,0.861986527733047,59.39127625953358
12.848385564126312,9.240539428489964,0.5602792082018451,83.18081808678372
0.5302262108324363,9.40421118406755,0.9512266536429208,60.033098957699366
11.715511625469265,6.5303255612407325,0.5332219221778874,74.06014515433839
18.80460482849915,5.660966783410309,0.7669837362738818,88.87261487557753
11.50948355751758,7.554101971560174,0.5710685618967288,82.34264491786236
7.763398524130438,9.474180073700147,0.505853305365452,63.22757620346568
12.865764368847064,5.263973134034,0.7110171300638195,85.33182598086069
9.165057809830333,7.737799501380897,0.6475203538270782,73.36733245683136
10.9123357863187,7.789361320555123,0.7430002468988015,68.72146255669277
18.8292961755305,8.398678134491686,0.7885999433672755,94.40987941320779
7.722052756015485,4.789406110763559,0.5218695361544736,54.23286464491077
19.223811276478283,8.29494978809253,0.5615016475618728,93.36828998247864
18.107012839121275,9.454195123993845,0.7793211982252126,95.93790086635757
3.915822695785929,5.078098653221452,0.6715836765863291,56.140503063880054
1.387226017503309,5.425259949543266,0.864586743774724,57.85494911683405
2.015560027548533,9.828370564249838,0.8261458242959698,70.03214610157372
0.36443651303099456,5.085861716256939,0.9228021814949534,53.48133471758408
1.888859215118568,9.126310560217474,0.8462464133346126,54.70744564901409
13.660135468327137,6.953667138688209,0.7149655386950741,87.75128722238242
1.4237729692045797,5.483386446419062,0.8364833111972162,66.68251472880135
6.379512605875226,9.224499407635069,0.6376905871277092,65.95555472089364
16.89750621938909,6.671831530015993,0.6531567493891064,90.86743163449907
0.4654387147165173,7.088904123578141,0.8944925799603967,63.62692556514527
16.289369651778717,6.155400216398594,0.723209758200791,81.53966539443162
5.637095495467999,7.557705108609564,0.8991901702591762,65.18047562700539
2.363296552433125,4.981143235510137,0.9112111868341393,65.87956642210888
13.934743307283012,6.3464892199105645,0.9287811688306419,92.47857440006052
12.57885693559768,9.816473934011725,0.9583176179206037,86.55522053898618
17.54944027054106,5.548800596206766,0.7154926102566481,82.88587320142614
14.701420876077716,7.940419987247753,0.6594334091605694,92.1402967728763
16.06961860769697,5.951140385348169,0.7910993732970569,83.0612526962548
5.64069145142613,8.640838754119603,0.6855862117188138,63.124569622535844
3.5487908755944564,4.785241964310099,0.8005370834001164,61.7804259178884
15.012295032817168,9.818926270471268,0.8527929313219123,94.468499800588
16.13669478534528,6.7227372483018355,0.8442025092460684,91.44852077114311
19.810102840013467,5.416302780078784,0.6872764435100607,93.39990777168215
8.25235353822853,4.440980483980076,0.5834301008493764,68.54714674165822
7.440361715855664,5.018547430525245,0.7152646692311038,66.93496665556918
15.528259214839936,7.118643691336106,0.5712970720409544,85.11525540241752
6.816070805060357,6.022019058587718,0.9450485175919041,57.27744897229531
18.615146512071295,8.973300195295657,0.6729387303689287,89.2623612589279
17.168255036860238,6.585325141970836,0.5772298736116619,86.57362952617824
8.579880547500366,5.492285635525779,0.5127238799528755,61.06423623190173
15.017421355829947,7.70286991962418,0.8229111931432421,87.06450100036302
15.090857481693646,8.240663301312676,0.8184511587273716,84.46994850829007
2.062477376718652,5.002251447405699,0.6703020832906459,64.10509615300431
18.051058133591333,5.005715297729906,0.5358559444238256,93.55066760079133
10.105047448957142,4.220028561601258,0.704814447447616,69.01151353620425
16.529149322154833,8.418412090393844,0.6556087475316967,85.30668837861832
6.400992020612235,7.98282716573083,0.8385603198675047,67.94024952463175
17.91046456992401,6.847785254498883,0.8028896247263452,87.8594312322105
7.784033574683262,9.065022693815184,0.68229686409877,70.23093501363827
0.2167530296059672,8.834020917700318,0.608946277127495,49.266875662709054
18.107639528385274,7.512126186380513,0.994017983077796,88.66539735481506
1.8257335357226712,9.209627683079551,0.7270008105980574,61.15453549459065
6.386272751808297,5.235047260220609,0.8441371178901185,69.90993585921314
19.0012393410161,4.671517716386367,0.5702764837891804,83.71716078635414
19.012142938751122,5.618497669101938,0.7427948498296989,95.1295160317315
11.468757762465723,4.342521136535889,0.5137683599347327,68.67082116545038
12.636744243395984,7.187017168006192,0.7527275589552249,80.247886277731
8.968910439566395,9.61963415376977,0.9820087035588512,80.98761240039065
5.864215433961291,4.236061244011058,0.6921033564929001,62.52494677952112
6.573290907398319,4.732659484060161,0.5194980062874558,64.64547110250062
13.450369121540769,6.7131941697006114,0.5154778954596717,74.74871436214693
15.0474905887536,9.60325010516743,0.6939933799734348,83.225649722981
15.83158087451697,5.8969366298605035,0.580012468231597,81.28309190865538
15.792362855891078,7.043408852130355,0.511676048164093,78.43178416458257
1.8241220609738074,4.249437154302353,0.8781068069750884,56.659337845395946
9.888406094051629,4.890059205772533,0.7292615044409454,63.98598758917021
1.1511752003328857,9.919780737753081,0.6446223859863273,53.45066689458993
10.99057764647471,9.790712178616273,0.9500415915082403,78.96960220405373
8.83061002746754,4.029639885606458,0.5580694801002628,65.51692562397083
17.754083655165996,9.710870712539434,0.9779594144776595,93.21340724319394
7.018300251041573,7.834719626893002,0.6569833586886764,66.44122159094687
2.3413403285521173,9.207509767120133,0.9442018361543406,65.09822294214341
2.859833641056717,6.728439133803155,0.8014714382397308,64.29758782167102
15.230212634349446,7.093576171475501,0.9133536798707438,83.54387908831792
12.364361266325222,6.933079481541521,0.9920065816052321,76.4527112864067
2.022453522455805,8.001185545276627,0.6442027189093729,51.470566495473676
1.6821361222999487,4.837907528537878,0.9805677427037964,57.14196177961703
14.019382629182399,4.179841539236068,0.6947409474512102,77.23920674037305
1.4552601272838706,5.8475796495471455,0.6927559523684612,51.1141787995482
16.437201185807126,8.22808457641988,0.6701935521272528,79.49080442585235
14.124844543129925,5.21112071273769,0.7707038036737925,78.75729225531484
1.6269756128379953,8.040594599949504,0.5770725215892436,55.99799394826949
1.6967542817038384,9.819472276643623,0.7768557426790056,61.804515503185485
19.732791570023508,4.56340429473651,0.770852406205002,89.0292400117109
7.485415915122406,8.035612709350758,0.880950906302435,69.17073460605683
7.412842941337818,6.662501315827427,0.9168249809687927,66.34142125987316
16.25599134515005,9.208853526265031,0.720220675156212,86.64579290940145
18.944971547677174,5.062898736684316,0.6511666246757468,84.63824547453848
19.720021276457416,8.155755713356987,0.6296674486585472,94.83797770622236
15.067563705178832,9.02869173788866,0.597311918352436,73.7879446823257
7.525191710618316,9.667685316844139,0.5288237910995124,65.37665156787625
1.6700143339733753,8.099488169737874,0.6712239894173566,57.88886172355809
15.542938318548735,6.983048584050564,0.6351238460653916,83.96650977546223
11.1680849947161,7.707083441207283,0.9832086929332037,93.7968219655594
8.484440184939526,9.21342990687231,0.7788544131250219,73.89011213576148
18.12708770189472,7.423658479832978,0.6736385195152538,83.94570840948305
2.223949646123027,4.182322358181021,0.790233800496848,56.350490758535834
9.852502085817182,9.585692173041867,0.5695983506728477,63.3564260163224
0.22707289534838138,8.137160506189367,0.7220218746011015,53.82201549553935
9.373212839882525,8.059080314663479,0.8131171607105319,69.70929637325085
1.126065513636747,5.294050914386303,0.7444489158962257,59.27376568397428
2.3763583253614384,7.953312821395944,0.7008894003271622,55.377960322018055
2.3505249355420976,6.363186433924951,0.996924194449849,61.62340593218485
12.984206042321272,7.907397862248953,0.9401573810744634,80.06561062110016
14.920897585308467,4.639558181847944,0.8117029790797201,91.58655929019784
11.667375301943192,7.947071827618216,0.7846886805911414,76.34306541864754
19.243450969490837,9.996482354624,0.810330239912292,103.70120240157623
7.497411590474082,4.289272233163336,0.6006560539112167,68.88662641963957
5.714241725637215,9.863045105327904,0.6975688716321593,68.12648600186786
17.371982563789206,6.441447764337224,0.5197297664454497,86.90282339024569
4.471916770389052,9.224520702023554,0.7377730187434133,65.46747912133632
19.264450788812226,8.69431290434964,0.7715122919788315,83.6886869380929
0.24308949379632683,7.402097565920007,0.6138748680516048,51.02222439723445
19.39757653415278,8.43069525550796,0.9820144235827568,101.37516407071719
0.8631982390115223,9.271093367808088,0.954727305468621,59.731493895083325
17.822862273961423,6.424841929906198,0.8610716177279529,83.63840019376191
10.554022181725998,5.962198969379433,0.7666933143826813,74.04949283802618
19.859295922386007,8.005560313381508,0.9349845798238425,105.46931073463978
1.4759312947079772,8.84707565164755,0.5653261719117315,61.30546820671404
11.077085688026415,8.573710808659694,0.8952548971374426,78.64323451504808
19.38605071238198,8.786881893151808,0.5624104069834241,95.58520501017657
10.461956883402976,6.613499888877598,0.8971053312747027,74.85437617656865
12.58797276270525,8.90700529705013,0.6378837841256785,69.67892672441415
13.914973779692343,4.72125433222365,0.9385452905090945,78.53482450910184
9.090821295355465,7.266934587765097,0.9720210469126989,83.53151131978723
12.551161601681269,4.034551962988729,0.5743979847025578,73.05754649399705
11.686286238462005,5.947514979401622,0.7313378025326968,74.82046064650069
18.02316020981978,6.198769209228387,0.9904936890813425,91.82710519515425
0.9089276068291574,6.377036149655533,0.7417037179865733,64.41562047461892
5.619263791844606,8.172803240139173,0.9317737612572725,76.6267801071538
19.008229681531176,6.331348607622075,0.7943657610656599,102.96918152137299
17.805275677818326,6.6921617357351835,0.687664953959801,87.3049200482321
9.11313505571426,5.425264785245965,0.642891777762935,70.8251502754124
12.402651956030734,6.2395107497760405,0.6016115455430436,68.335159489327
5.547623659622653,5.363617763578909,0.8808990956888486,73.18759731777747
3.762423194475226,4.439175542610662,0.6932702534115139,52.8129903944847
9.273968098799642,7.620691560288267,0.7556377311003756,73.62337784840658
7.067044560521056,8.009276791330098,0.746162740000591,62.70536453890002
11.673122237017441,7.716942076057687,0.7886395146165657,74.95524855428397
1.5546927392996968,6.780964262803434,0.9327885728122761,55.43610394341637
19.48789615332333,6.278714681075379,0.9903696717917148,93.26194593649946
19.72421488959206,9.180001897430952,0.7037921042869084,90.7956049078993
13.963234280394904,7.114490710817308,0.9137594610531515,81.5365889118258
10.721927326882408,6.875091265778385,0.8822638973273589,81.26053863014504
6.190552325726555,4.153852394838614,0.7867644757277866,59.16107466643787
16.275900394138972,6.047486965756939,0.9780235718059666,90.5973006194359
13.694623451077586,6.281173712715143,0.6002372577642014,84.60057128217119
3.252338786897826,6.392936685381403,0.5546321051548107,54.60014066977705
18.21854368987685,7.4810342153639935,0.9269809834777111,89.64587416229219
16.45074485846338,7.2016152803612705,0.7195749083168741,84.97749471535138
18.99599826583848,7.647430556760668,0.9234844271035303,100.71505386279776
14.5143901677672,8.58929956925277,0.9465451025977074,87.75104685353169
12.268303918715798,8.87791443229656,0.5312287968095357,73.64132549775002
8.364860725812377,8.308738457358967,0.9417323814930303,76.66516821297444
18.654569667080267,9.733142175729608,0.724159527684711,86.40114405760094
17.321277790008168,4.10939549605817,0.7552162445021161,89.8343620854891
0.9043734021237881,5.174667914101277,0.8132962555466051,57.29066026079396
0.5273394899450401,4.045377249868853,0.9631913033650434,54.82694845393455
7.5292673375609915,7.884848284927618,0.509558047214882,61.88609132289246
16.211066615636657,9.388183293699921,0.7384217341589085,82.6334379297056
19.74552258629889,5.460893779457796,0.8438610212152804,96.29671268288813
3.0083378220705637,9.56220726877784,0.8613534788491142,68.8577219728943
11.882614307042703,4.361604341737365,0.846266215768554,74.00569126831262
7.617817132620431,9.606616160833086,0.5672175647040609,70.04328795439486
19.398287956292066,6.1097361234378065,0.6496977941858406,79.99787718258365
16.842378462714173,4.608524970695299,0.6793577627085068,81.8171805688427
16.766574094222758,6.915230555117954,0.9022186038397525,89.4068854029015
9.373863195899405,5.540659406323048,0.6393799362072765,65.34895793254583
8.296390046753304,5.709237411771537,0.6053524819336016,62.74296766475371
5.468141438614125,5.84373978955772,0.9787240095190481,64.4285404795188
1.1275099330185423,8.818155386995981,0.5044316425567344,55.169110051767014
17.294447525101063,7.234967660051527,0.998910427840989,91.69983894563309
16.258020182601552,5.867846194936022,0.8384106494286978,75.62129965501398
19.99435346572261,7.662002699865511,0.9142346497245586,86.04755295407506
19.93273674147811,8.296904045339161,0.6473096981730966,89.66255013902304
11.108634112052549,5.635744004401203,0.5071576388335299,74.19970645939908
15.37974830361021,6.481294609152109,0.868934759280765,72.20996460693283
18.89531459764856,4.7313165600216855,0.9170722985003379,90.22767124182253
16.99294781354823,5.086896097208082,0.8702380659767596,85.6940437770749
4.946962034863953,8.086707123789896,0.5714251436504193,68.6320207535464
9.01088270620187,5.088630086173762,0.8767139611284845,70.55032768708911
2.5831883030298997,7.1509803020023615,0.8844613910538205,62.926436126081576
19.081020545174447,8.254277570334596,0.8292702578350275,94.36429596465307
12.123492689017601,4.641261538568463,0.8830579663977931,67.85514288991024
4.572856110069255,7.403873317773421,0.9229607198388661,69.66833102268414
13.434013688117135,5.539376702208182,0.8068020571187292,81.51506964283173
12.362564809157917,9.777561251425478,0.5443023569848395,79.60985102591292
7.1632543606568095,6.901273880319549,0.7438139048336054,87.37137122902413
2.2711518439925804,8.835955298650948,0.5388246673358026,45.94265965629388
13.431463911855992,7.301359252937571,0.7037715155162154,88.54566277270104
10.406154018075867,4.260475197128915,0.7035532445628139,70.51721769167524
15.446367834712786,7.798908253564134,0.5330049220701207,83.54828030479635
10.403270022239868,9.708420053239943,0.6744102669847396,74.4747721961412
17.0436300063708,7.609670920877987,0.5554990493956574,83.32755988045912
11.038136775489711,8.915133156560742,0.9041176050046111,76.3588614173512
11.218759430707726,9.305238780090447,0.9738440129822354,82.72013099739728
17.5330720531669,5.368478631693595,0.5361582376289693,77.30592546842007
8.069657324247942,5.27226903944936,0.9775576036458506,76.33682579462184
2.6803045690128147,7.66588593310595,0.7612882996683725,57.38143676612788
0.5756535262667795,6.4661708188402285,0.6497828389769369,47.35173769692208
15.10274511347238,9.039167817200322,0.5384310376380818,79.87406840753147
12.406191027069294,9.400138740388067,0.7503121340352089,85.92570483124672
14.081595361984471,6.120528275816309,0.8972577722453743,80.95914082089811
4.259283230178214,5.421223353846893,0.853543238633349,64.58125135840072
2.7274295117353953,8.683153091463172,0.5251130057319868,53.39767144808107
0.29089331335763857,5.648836213288817,0.5364509176839518,54.379375890629476
7.0117511761319395,8.935685911082071,0.7014366413163186,71.33895996474212
11.798353737092661,6.542429521892577,0.6476452470239716,84.70764730715828
7.844880901994646,8.005299395748823,0.6161921615280239,67.09696121375006
8.749498440474582,4.573211883008009,0.6405022494543569,71.36022300563512
18.083173889874967,7.743155948059438,0.9017413716484424,93.1360185365549
6.965109340466007,6.710606072423374,0.9646140268159269,77.48583105531202
10.279789783196216,7.519650779052845,0.7025513472637832,70.1277960803695
15.673060254822861,5.0080852464691805,0.9530555010662485,90.86792044502779
7.930855646425403,8.421242469665092,0.660747850623941,67.9599151617299
12.44173400455747,9.176782465259372,0.7382184931718958,79.1001539480478
17.247274174934905,5.300438800544654,0.6130144989079999,85.61798308900634
18.990412473152844,4.574287333120971,0.820238021087922,92.38620612829142
2.9414696185807587,4.141831516278018,0.9894905575874045,61.19815670432581
18.53175250322989,7.851829002659596,0.8017465480216893,92.97138077216577
9.842325861590764,7.642564216532684,0.6789070420567744,80.47794613991836
5.1648877659791665,7.28018447628442,0.8239087229952642,70.13982489279066
9.182715124765226,5.391682576695852,0.5614603392326938,72.82957941788067
19.600651505709543,6.345435975433088,0.9443295401326993,93.39823283079085
9.852361879857392,7.566858011117038,0.7515419753899182,69.15904978091454
6.575032205750164,6.980601153155016,0.724674871019821,71.10435208012751
12.668017086334515,9.926713121289325,0.7929323942267597,85.45569198877338
4.802912375563862,4.818638515340399,0.8123919313947012,70.15440387726353
1.5172665621732784,8.170867324285563,0.5358879031132565,51.46180714376246
2.5775944382129845,6.425912608625753,0.8413086106117011,58.69026253330463
2.560916779155449,6.569197689553689,0.6209658401577648,48.46953233188778
3.038053870245887,8.305586593949057,0.8569763162532948,60.10366066422806
2.7765434529882027,8.154616907946217,0.9112673971920984,67.40690910991488
12.817494896064293,9.94753596221313,0.9019792537762601,80.90009301447682
3.6376016879828965,4.770365736724751,0.7762504837039446,63.05560057102755
6.913345666477264,4.624657896304998,0.7600849461553756,65.10297239007454
17.935768198120236,8.346032902772446,0.5714379806697059,89.42408561038425
9.479232805257446,7.470321502038455,0.8876730752015678,69.29921021231269
13.351154770420543,5.644963999358835,0.6357046902233572,78.29730121456973
3.4463974240325967,4.47651621393392,0.7483477114089733,43.88469173035841
3.8457803761734155,4.513949497578583,0.6421370464637584,57.25429700862737
0.8173723253295773,9.36514524798471,0.5669141814998466,45.877052767193796
3.378701261443291,5.151203948312458,0.8147788484458682,66.23489999313122
5.5718067806391725,5.940229372693125,0.5271660174114519,65.12146615617893
3.5402096855349363,5.359938413361928,0.8743226170631,64.00363690747642
1.7740506751411123,6.129977834991624,0.6587933976305583,62.92085750702325
2.412717422012016,4.41654305647656,0.5000673465022427,48.88619762978817
9.215575360654515,7.114358745449622,0.7555645696186148,80.87857148530588
4.12667436811585,4.405675381553289,0.5234259542638016,61.9509640826538
7.285397220961509,8.802139046934169,0.6380847789104498,66.36005958425704
10.068345417097138,5.402272491462599,0.8534882437278581,80.07205014773481
13.807896572587307,7.2400714876270635,0.5313448108109329,72.9798129432704
0.7862427968219787,9.28047452536875,0.9196692461780012,55.046991389587056
15.988207978180853,7.905264214283165,0.5019099613292916,79.88749394374125
12.558007789818156,7.197746719308012,0.6234119346009511,74.40613643957766
1.6351806389774382,5.946002518692254,0.8704520280760357,52.879768322197016
17.471572482135546,5.998011478349188,0.6581350748646534,92.73722947901088
18.417448010636264,8.016921731189141,0.5509461940330067,87.07029184348121
1.221559197097275,9.964836167327006,0.6801169594002139,58.301372641880185
5.5375529629440745,7.971035139096272,0.6351966431922628,60.728003356905596
16.124025595861227,7.346700504220149,0.9213559510802775,79.76544184097236
14.965193807673167,8.383903061435475,0.6566739587925716,84.27937238440789
3.6904203871275465,6.791233673702309,0.8944662358880036,53.63826302958782
4.186986466734206,4.360854055604712,0.9459360724053674,63.243550636802574
7.40944205582764,7.373780895267458,0.7169087097882647,61.263301873640586
9.690459703820427,9.74575170703228,0.9549715719271961,87.80246239699875
12.365095430605919,5.051817654145958,0.6886590269815964,80.77239170185577
7.378272791395448,8.140029344923995,0.9820392082450541,73.48854560313818
9.250694322662959,5.205602131954339,0.5446447622627865,74.63103780889256
14.94941876267513,7.214966106838488,0.8435096332516214,80.84054933587242
0.733664057811958,4.580058697880318,0.7469070202284643,56.18374748679537
5.048738886880415,6.702225617549111,0.6938244027278235,63.677050063406995
14.266991717691049,8.536979973371476,0.8163559393743005,85.28388727246258
17.904136753743987,6.085429145433892,0.8519285458171656,96.82846226023352
10.233548842313322,7.989470346923309,0.5021816348251545,75.13111748580249
10.642269705306314,8.772699764738375,0.5834765443735994,75.01822960349526
2.143440226795521,9.563066916876716,0.8565230253171594,52.62602285007629
8.948247336469093,5.407852491132721,0.8331927067891032,67.01480100604505
10.652345329100463,6.395895494855849,0.9830237525643386,77.94153529318876
4.849410072694593,4.914496079982505,0.8805188951253915,64.56941608765514
5.384864618987619,9.954901012950252,0.9753863538656691,64.0979124864483
7.545683262092453,9.562005807545772,0.8512702507674035,83.67310823648393
0.40142395555452737,7.239742781683358,0.6490261043197216,60.66919806358008
6.441583311663566,9.052199766258529,0.5526824611254282,67.97439940146712
4.2289601399308925,7.125747863632253,0.8909119316724678,64.76357422732038
6.5499470435582925,7.741514128016558,0.822074610737958,67.14398886295055
2.3952426363850243,4.5347465926960995,0.5240930061966481,49.16611110009463
17.8105456147979,8.531622522980847,0.6800252329504892,89.39551938889838
11.871849071080973,4.766280901811409,0.978399907742143,81.15466875272455
13.582046382889793,8.95640578151517,0.7502005728551007,75.56147531490883
15.783424772146766,8.692168526022314,0.7163645680098523,87.21425872158139
9.968843978581145,8.252468186457858,0.728849802579647,73.09174590199656
1.7384057617484738,4.216962283148573,0.6044413620025819,43.75184040490472
10.742130836370956,5.818770135671972,0.6843535854323977,69.10237303372426
11.736822360417582,5.578675419465057,0.6849066279935883,73.18235387163068
14.9087894836866,6.160818444829115,0.5261775100937363,89.47094378775272
8.633190924593588,4.525856480583031,0.8837838142589591,74.24210391051489
2.551606055911275,9.621746938186376,0.7082522159519395,52.74769854675753
5.675518115974489,7.322813444274257,0.9110899434082116,70.20027575245292
7.261645927972702,5.8331458639481415,0.9251740005599477,62.59181316698429
12.918344826632024,6.381889102445701,0.605997027349329,82.50118922964883
11.415566093378239,6.683215243029014,0.8286767410850643,75.0981349276421
7.121934517956925,7.6035660001637035,0.7361409020814909,67.4670916794183
19.730304975859593,7.094076566178987,0.9400783689607426,102.91747891056313
12.115496387137743,9.516351839286504,0.607870339588227,70.74481386772679
4.74453583471989,6.981780897434982,0.838906600155022,57.4680415248287
2.035649452408075,9.952948088939877,0.8038760611263613,57.07995747366871
3.0571827836866405,9.108549746470574,0.6476507387859164,64.55488681630918
4.919154567690162,5.251063086144015,0.5683004518255863,52.34579225390021
3.2136274651911134,9.583571287863498,0.8258198802386383,48.373464794961905
3.7313404810261153,4.698198387312857,0.8692987290661653,59.26628783774615
5.701903373876942,8.904698250947149,0.6578136718816749,67.44192132482561
3.4674719058950965,6.283739760859481,0.8224163020111569,67.2201549077182
17.935308492528502,9.267845922670418,0.6975654538057516,87.55372690725781
1.6046749132328442,9.208340140644701,0.8566034416413089,57.59348544615149
10.490227791405093,8.835552400705726,0.5996076374470265,79.26264957474352
8.20793653979323,8.740182617842368,0.9451075013180872,64.86858642766916
19.64757233817213,5.828074834588245,0.6437047982327899,88.73852127187804
2.240778043361047,4.485515698307513,0.6838929938780764,56.46448263501782
7.957111980914833,6.417881072590969,0.5290459760401749,68.5592751770543
19.38940866550738,5.041147089919052,0.5557561061606382,86.0541820446882
17.310142517879605,8.16970653341477,0.7579309513561641,89.1118929134732
16.3414414189856,6.076598359226713,0.6337963383639857,71.65345124893624
5.158056540898796,9.85366120515949,0.9177401128710971,64.86450273661389
3.4177517478013164,7.845832464071992,0.5073466943274769,60.08017769425152
13.37286439848862,8.934883381806166,0.689547024335968,75.55639219899484
18.587519782551716,4.79514803645109,0.6686727733845463,88.51054138952313
11.135257860278596,9.172086893635736,0.5096638154588005,76.18808630096986
11.432253789397997,9.536543143080365,0.5621841995002551,73.57666049283841
5.5995818732056835,6.922371512913616,0.7068213374593176,64.94056665012442
15.389858663838737,7.637517626505865,0.7464322922237233,79.82848390038825
3.7408749711504674,8.588858805417972,0.7021448736274345,60.170794238035796
6.473584728084873,5.049031763562475,0.7654688392060469,68.59869093802287
8.508728772328336,7.015396458780654,0.7975658374528407,72.10941311049591
10.1522075736891,6.391978166633878,0.5049619105639178,67.50633264172791
4.848194648301605,4.878243952973495,0.7320475797267519,62.802432023212056
2.2967364947840707,6.205206533749188,0.9817496204437941,65.27792070716634
12.212400848832651,4.409033856312961,0.7595161400647743,66.24305283453215
5.772611064805115,4.154871441696922,0.8387711337294765,70.49101313141733
11.624764428452245,4.810997734928937,0.6559319289584415,72.45091813417922
3.0872543054840462,9.778690669535044,0.8869956890763813,65.5508412266434
9.62280203709635,7.297177215370102,0.8864607409380576,81.19395150560516
10.651788651031717,9.794932966919319,0.7606480238270694,69.62012026249859
1.0364707364485382,6.594987269980792,0.9880069116396069,55.991525222722935
6.732085563878412,5.870896798511557,0.5627751073813267,62.457565928344
2.688293538779485,7.036851177041465,0.5084738324447905,52.001395016545544
1.2674994094553549,6.6370701317974605,0.885079105878548,66.7720854685193
19.799204647798906,4.633988105570463,0.9035777686824413,89.937086650779
6.447076899494459,7.844957888141238,0.5601036145602881,61.65623608372195
16.1974889170927,5.296229095057598,0.632791416479303,84.3252340179934
5.092813095275277,7.717527729386978,0.5087761816833145,55.09754219295427
13.630054444478585,7.901206554388921,0.6466543053902823,77.89604871510359
15.204557197793731,4.912149118771889,0.8865709369593358,86.5054715727224
11.912774812156886,4.368097762664009,0.7589802638562895,74.1917564058911
9.431523771003167,8.684569516410638,0.674047796584144,71.78039567218775
8.236818282945372,6.758802542615921,0.6858696474531651,66.33045686522932
6.9773653308599055,4.348982773032855,0.5006768128577341,55.14541628225958
18.59058288495652,9.969197903018603,0.6499002637826179,92.48504634990636
16.612388155754584,4.346683365978199,0.8232293708189653,95.03111796263326
19.300538213330253,8.170211373151318,0.9870972219081786,97.01176831677982
2.4859444697108946,9.902073551580482,0.9235304134919498,64.06756188081022
14.617349504072886,5.435080625295553,0.5117974823227646,82.31165722434251
18.766809136420758,4.8534962121231775,0.9492803023374197,86.80749227104825
3.624661323313203,4.728309636534574,0.891599206649313,70.23479039242821
1.32992534733555,5.819650885405573,0.8901880617854903,58.8330283070899
14.822412985801181,4.60627486606388,0.7289978795017857,89.5571597385966
11.489462263598238,8.152968050164791,0.6990026464772514,72.7658273535537
16.83657553516544,4.373750788780376,0.6514578644165963,93.28148845347616
2.79544753252579,7.056532768898738,0.5328474294771829,60.27517691474448
15.905346237197804,9.98018112311786,0.6141176817468496,87.82472557324898
4.032546400954891,8.883821617036112,0.6233018174890124,62.06198875511338
3.27311885731409,7.6913166293860655,0.7420385348551009,59.12977342324084
3.285315958619859,5.83752172471967,0.8737222032983469,67.45548423948809
16.29149440462764,7.74337501774983,0.7369049141989733,87.06315281944057
13.303944413924002,7.162248783469909,0.5289222247235803,67.59884091992787
10.461308495382386,6.556500303342229,0.9788949004941019,72.60073615287705
7.176609682470049,4.784262260441197,0.9713621595470561,69.42132200392912
17.544010816262166,9.3196252914428,0.8925947715742042,93.76368921259855
7.848902148452708,6.698707892927935,0.9956639507821103,73.09288753173108
16.33198878943154,5.16773507092459,0.7722411664001314,91.54219158351881
8.782698171404368,6.206556105263738,0.981384175126603,64.91492422261805
7.538888588498152,6.484778515173562,0.5378025203083754,66.3276008529935
9.253595713392128,8.965227373401245,0.6828403741306857,63.06260192590847
6.027557483282841,8.401686283368413,0.6126906340033829,68.30327331241621
14.952187603525022,8.61582936184804,0.5979165420671351,81.81294345587092
10.054407801849583,4.066187586571884,0.570401474446338,71.50988090599495
4.644253902936346,6.496923989078569,0.8112068207829983,59.19637735388028
17.991491465491368,6.888064909811941,0.8906609278736526,98.18661342909542
7.677824427464229,4.11515366093834,0.7891491997101803,72.87758922465801
10.871057222279772,5.558879252470206,0.5734813547941049,75.02182728594721
18.12944221929094,8.561738938732809,0.9055618849667355,92.58985627256709
12.484759918279842,4.8226582343739945,0.8179773535818642,81.14784123132345
2.3379608141672814,7.2118607887155495,0.6940828530634977,54.01544123066028
18.796642472269504,5.291211232103425,0.8370651477680315,95.77863374449032
12.554161061428356,4.072724647863359,0.6299524896214164,83.37842578460082
6.6981122931417225,5.447208745597249,0.6725961042471053,70.2749094058966
2.785441453267745,9.855242529460323,0.958742921565995,60.53266862977854
15.880503785405919,8.809222671297938,0.6452522528357102,86.6356992611601
12.40145511857027,9.7574598659262,0.7349941340789683,73.11044620572036
10.66922183952643,6.9271242635581745,0.9450705686980073,81.02780820883491
17.877851661019154,4.658417192065021,0.8538606751337637,91.77451092939349
15.771944224490614,7.287756933842157,0.5311016130823514,73.11424974176987
3.0334975946550236,6.726264007359765,0.5736515221394851,51.32934924204993
6.234441355910965,9.066142496437696,0.5039207953859584,62.62556061727361
4.969782796289315,4.588495484705468,0.8154608951145816,61.511263699439326
14.87892585145354,6.929446822130669,0.7238367127052092,76.84701563243003
0.6706486947155876,4.9002919881639055,0.5671374254511378,53.14362057328187
11.39779369742633,5.94805556134036,0.9789670605283852,80.95331123523738
15.24917371481381,8.424142464326799,0.76482986197281,84.083960942427
17.53531273523499,6.856108776212599,0.6209466470564446,83.00266703647951
6.841634974318149,6.255329710874616,0.7503017855773537,72.05953042020042
16.425146093440258,6.366857671420211,0.8398101663675539,95.74992880189467
2.2126347391041445,6.75668061043592,0.5381196089867822,52.70127392715143
16.929045834690363,8.710099263022341,0.637351907523946,83.71329481271927
2.5497732466396483,9.352508133641408,0.9034827454419968,64.89295673292077
7.945745811207345,9.73200811902357,0.7298324352013306,68.78674854497366
15.945907315591072,8.72142031753177,0.7732885710161475,86.03419604558322
2.9983485469754756,5.892441374488076,0.7164080011047347,62.109672522671346
4.585027904652829,8.128808236519253,0.5219499713215026,50.900912577495255
14.445051367861325,6.6256187443323515,0.582874889910078,86.60112891675767
14.400730730921488,5.528023732276307,0.7227708193709454,81.44236556218783
12.822952657705946,9.045229476555535,0.604592732703964,76.26634971385637
13.878968889342001,4.23055809377395,0.5249895143298393,76.23840306779371
10.854488866951923,9.41057195281254,0.9218248320259119,79.22173138119184
5.035981178139055,6.768864787748405,0.9905962645820579,59.03387805814407
6.913919870078389,7.823208860849682,0.8965714369983697,77.73193421921141
3.6319543360285134,7.956123533234696,0.9268924608523335,64.52381354425451
18.169011226672566,9.370706444239218,0.6209885651585227,91.59278397655206
11.667835895322408,7.8200180930032435,0.9803134877565999,86.09285456381737
8.017028335272798,7.68360150856037,0.5984628522267141,62.825615259234425
9.240116072882653,4.39991224336414,0.9757149051809162,76.66057773706956
18.945666792236306,7.110448131671225,0.9974096469829755,94.50101523429824
3.067028062321604,4.90101400490225,0.8558614028730244,64.33436758189467
11.724596640335944,8.424602612328913,0.990571865895911,71.33293219347027
10.11777357768932,7.073331524876047,0.7847698897835518,73.87743413543846
12.229084708692957,8.08136667525012,0.6297708915880451,73.93850330103251
0.36220367641681017,4.250037403614305,0.7184979428328104,54.23280069804774
17.44247817888303,4.5087520962748195,0.796780467689393,89.95391512264713
18.642365649672247,8.297940328376093,0.5365407810135074,85.26720564644955
11.30266367178418,4.43250601599204,0.8111716323086231,71.9405074609541
13.933016477537844,4.427540366591551,0.9905889183811473,83.43788656440951
18.449987623545915,4.072650851409325,0.5950538248918638,82.01189760281451
14.144772686267972,9.739008389796881,0.8962975581441917,89.8951722870087
3.050780858285227,8.425050156754041,0.9539493968898096,62.063501316822524
11.525767203336263,6.1195084510123845,0.9718507964101104,65.38282508966853
12.134300927657119,5.779213487725931,0.9800678022027236,79.21181897379111
8.48261342604772,6.098219378475097,0.7607298193607359,64.96797824185573
14.728884712494457,8.647921187087091,0.9886539539957518,79.89796116700987
18.687340295380295,7.968223666422486,0.8786551035672194,87.37630797094319
18.51137025813553,5.111173407204808,0.5808357181184809,87.72585550561796
9.016787428082642,5.044656012004506,0.738450053233985,76.8679573155424
2.264760916815105,4.590373898280384,0.859165587686002,59.90464663510883
19.69682397924669,7.961816318208029,0.6236701579095416,88.71578287418306
16.777961728918683,8.586235973330416,0.8203075917744437,91.35517380370311
2.493253624065337,5.590278569950025,0.8333002395233096,56.72807957105456
18.416837652347446,4.125669766185477,0.5813498719042829,82.83387363302032
17.397927241242567,4.493030004858564,0.7825426562263782,81.50680181939342
10.376761142521442,9.807160209070183,0.8858134554893038,69.23594877692611
11.825508714898586,5.772668664864522,0.749447832267971,74.52603299652573
7.980054077402605,8.615338887028802,0.5060515583880537,68.11682666134203
1.0952327764406267,7.747981413125583,0.5045192345396461,52.603302609708685
6.703944832918019,6.291637837917375,0.6785146719850061,63.45681785883614
16.057068971960227,5.23412357317333,0.963097034215891,83.52442872527779
0.09264046009205718,4.728318508956439,0.6143383898018044,53.52403757303537
6.669983433822884,7.6900778082332,0.8171818444358436,61.75146579842907
7.963373871818867,8.647802683826729,0.6110379353466603,72.36270486304677
10.747912058758457,7.863425521246784,0.6608349948297743,69.26430795292887
18.39711232825521,7.18181279949495,0.924021044800742,89.60986871837504
6.926919887319225,4.251707340589817,0.8644307211349734,60.178219124418526
6.939064037924554,9.810932665566302,0.5476996386566053,63.767588796467585
14.750024962194967,8.792285149927448,0.7143510104932168,88.37512219471068
9.044358817796143,5.756932220205789,0.5145848818226322,70.51291646607969
4.492096458799639,9.879821976153103,0.7404450733015044,68.78854777502657
9.048790322653868,7.611289537817933,0.831217005850534,75.89408017354762
2.817140407595997,7.494535949243479,0.5592513117990758,51.456397003463394
3.527739730124466,8.488439076577192,0.6444424694545828,58.29507207534267
9.967355454789594,8.870618728540826,0.6989183127510785,69.85365852771504
8.378508990090959,7.938871643989016,0.9597655123280249,81.07419188989522
18.296918021362,4.7685744781972,0.996627507711482,87.0936764766644
7.247877982332662,6.02960503596699,0.5224556494978079,69.06041969658477
11.61176700556087,9.568501841956298,0.880503961747696,84.721074150145
12.645285758390607,5.347693671063111,0.6858620332011716,86.08026408430966
0.2618891317666727,6.23300214302508,0.69622909311474,50.81248914349779
13.270747440334212,6.592461297665176,0.8771324866735113,85.49945630605187
3.5607193373950285,6.636429938166713,0.9592132160727043,75.4589785739647
19.221406349389103,7.677637494967153,0.9754642972512741,93.18247530084398
2.973254555062259,9.658455026468246,0.7885612930191603,53.813013501251156
8.292482474540474,5.4441562709950295,0.6785605796502514,58.78917412528321
1.7069933615728772,4.729008257805509,0.8937745429293896,61.48976111344027
19.937485036918947,5.1848229391596234,0.6255006916311501,81.20279206907949
10.043900206624851,9.321549401255616,0.7820370144167589,73.50138783446964
11.907700346400876,7.874864875931236,0.6792892307624365,79.03496211137347
1.3415295477685496,5.715440735434961,0.8283155368539381,57.64209945502783
14.999209407983557,8.895681633811703,0.6201994564467534,84.91980558586424
4.198111861911715,9.168219978180616,0.5957964728674129,62.14112796619618
17.961085788814273,9.079086032141667,0.9591195433377185,100.55506015453096
4.102792809640143,9.513559201837326,0.5509018414747684,55.73214953551227
3.8137544132733314,5.51344612104017,0.7529789538674658,56.95652474167829
0.7309933569618976,8.53025157247767,0.6104263914815045,50.08687160585815
9.441338902199984,6.76323698364484,0.5194649816628337,73.5339428025115
11.296822665252328,9.05199131734037,0.5180094091457133,78.80493397581964
1.3141727885670473,8.370944062969679,0.5876108860529137,57.01711285274605
15.510552333900211,8.658684678998348,0.9333851772530002,94.47834480327711
9.065776694960553,7.936971026086429,0.6412393719885133,64.80501748935028
10.487805386551601,5.064572616818241,0.9752295852876478,85.57384037421292
8.815254938764562,7.27016151338163,0.7908111464945968,79.58949679041626
8.01526121750652,9.90801843714705,0.718307094884383,74.31138474659056
11.192806626164359,9.624328398982714,0.7900444173347273,86.84324012371682
3.10480491861425,4.25904241478207,0.7583491926131338,49.86866304393061
3.6385626099054225,4.988888894376623,0.8793881268786625,59.08886554623497
17.235712420270346,4.790372640727371,0.6412480329864261,81.47297391456667
18.922309242672654,8.355879459911772,0.6765251958001512,94.70083994517982
7.466186325595059,8.90671197914167,0.9470471512666254,67.60388650924845
5.414893462871076,5.281068197864031,0.9732282565752027,70.98316751715063
12.879990864780314,7.0351161577109735,0.9462791137432373,89.52424207747357
8.174683421961928,9.0442181680672,0.7097239969786568,73.88454485755805
0.5077271132068972,8.396809268597504,0.8901827515034408,59.05163718594317
3.123051947323807,7.253423232951089,0.7381678666505493,54.83530920454329
14.319444576947951,7.542086142752638,0.7487699260730512,78.25005598958869
13.178478838203027,7.05016328149768,0.6023400545286419,84.19883068671656
0.5419198500696698,5.785290707912924,0.7955651516292582,58.525613204167286
4.439443238658988,7.390131957154097,0.5930679488766739,60.356523943229696
4.621495931761428,8.133311812300544,0.6657823495335968,60.14179403936031
13.437854871974569,9.239937495164845,0.9275151008099676,74.46869264891606
0.3942107550872831,7.8177481238754885,0.6035379046054277,47.46481032131544
2.082171639691477,8.566729222258948,0.5355791425867165,65.3705815212786
15.998321707463788,4.960429809727438,0.5345037963064081,75.13291535709698
3.5708932410866723,6.76934484651874,0.970392260251554,65.31118637155036
13.054922157037494,4.05598971896256,0.7534602189809173,82.86593355863458
4.76365562093453,5.480073187129738,0.7047060359085091,55.241670714580195
1.9888278551869032,8.358770290678029,0.9054392905039592,61.772872569788
4.863443819989081,9.95085970809618,0.917912963955258,72.30560240870831
14.445338637113183,4.595068597523295,0.6660955165578023,79.82083959017055
17.113929362125717,6.4089658951677295,0.8468090287368977,103.3355099598024
16.604397291339833,8.800425812194957,0.8855614079259433,81.60764185416919
7.943670592369097,5.224213807773393,0.8273253434329773,74.88261781055327
13.361702731412922,7.330509695813717,0.5757975374000497,77.29729902476923
4.099685908316419,8.39842777617805,0.9379415417585285,69.55032825488155
5.862954605220265,7.695912701561074,0.7695472763680044,68.17692749644648
17.926716370422394,5.128148407692497,0.6412362131850018,83.09311520040661
0.2600384702147207,6.132307412114437,0.7126140927188469,54.17229619696286
1.7101706170893616,8.702750706912383,0.5187855451994536,45.67234587343917
4.157725102920546,7.325359084792099,0.5639334006112088,62.63151668552245
0.5306440774763943,4.031377681257476,0.8827733752579304,56.36845609542583
3.6287087017959463,8.565944560168564,0.5000058173776831,61.731066908230986
11.660831219393843,4.211868129641434,0.7082829142411461,79.78575184343411
8.428491011849959,8.474402696387394,0.7612550905427942,73.22342256180511
17.853434221539498,5.214883360991425,0.5273172100004861,86.07878567530845
16.34887123476882,9.74844088071628,0.9865390814861664,87.39174237020252
6.836347033957519,6.207644507812507,0.6130626656248359,61.344592071969814
5.18846866862585,5.961589698028474,0.6520993598181404,67.88785624173472
7.5938481633453385,4.893328301994668,0.6519712561275137,73.25629914088702
11.805898850296154,5.8336252929412895,0.6152083310586749,73.45192812004115
5.361272816457525,9.259904570969203,0.5007369110431557,62.58896130280443
12.48297815698268,9.978006025763484,0.8646723970439982,77.39586256088457
8.188233043824809,6.20985718304109,0.9834227498996426,79.38732887461343
11.040943617039606,6.691663785727256,0.6121467416425226,76.91668280450456
8.722530582706334,8.332425629216422,0.8315235959017112,82.72524562124985
5.889315190838353,9.317174682790448,0.8709481634793576,64.1297362435867
18.969066139243132,7.558266005120705,0.9242126895452624,92.83747396347069
15.272115883195216,6.349154189066976,0.7113145985068046,84.32040436900766
2.802263515329051,6.4757310450917425,0.6514654528202146,60.71528439804701
17.369359517958255,8.173708878980841,0.6626475670115155,86.62830852352884
9.748623964990273,4.019309581625672,0.8563106665492564,68.47958680464112
17.89104453788183,7.717536024759044,0.908389733252818,96.77498187654506
15.997105118946305,6.132958062648145,0.5908069838783013,86.51985892372666
8.504270089384669,8.765183987662505,0.6854705040788827,66.00768381984133
0.44938616640234796,4.557943838938793,0.950970098374575,63.1242300782661
5.373547187698922,7.529213601690343,0.9033467598473697,72.99026536661866
10.832684293217339,6.885837339316742,0.9924292013812379,80.05827198873085
12.669564396522945,7.853953155431364,0.8771241298410404,81.8380570782265
5.157753708664046,4.38912156689781,0.6965976005139611,64.22334758392236
2.7871214814564826,7.479902724568788,0.7953189169973189,55.79587265637221
16.69860473598598,7.368907527757142,0.8305071271236601,88.58850727776819
19.68804361407104,7.363960566497026,0.539227908158562,79.66282238596801
10.513803646053717,7.620925999578729,0.7722484795519325,79.6553700725249
3.43358571696607,8.058807623358174,0.8546604142363048,54.88056127985567
5.446146530387379,8.829933998084618,0.5836606520005302,70.73055122753703
0.36781353094933467,5.6189243207692865,0.8903158587127786,54.122930975081744
18.28597613120998,8.950296461080372,0.7918863902570559,90.75957172728292
2.3550216578028227,6.989534093580722,0.9761108928487974,59.03061663901234
11.530329510285071,4.462349674805987,0.5212111491034459,70.67435758019003
5.48110441374412,4.351305575463876,0.6326630687777335,68.31542611640592
11.083560050315867,6.005429912176365,0.800776939649912,63.492307493643764
13.028407767037285,8.709381862668806,0.6482799561029653,85.49781004004733
16.594836074144034,8.246085608445494,0.857212082035621,90.84271459262399
4.128425435212064,8.731689788034439,0.8795026412609654,58.82182143099698
0.21991657316960955,7.103614338649656,0.5512579820332373,46.09790676214226
2.7377126013761455,6.641193987732944,0.7569272321033839,67.31793292623817
18.0003728369621,4.884715160237704,0.754445277795528,83.59550556251706
17.477801551250305,5.9691565216558695,0.6846403851077705,81.20573231509896
11.948262043406165,6.604116197043251,0.966462431284836,86.63313562337022
12.010337208673068,4.531602578077703,0.9137531599366107,80.44915550327813
13.30073349092511,5.323671716267268,0.8486046909548184,76.03506329554892
3.507425572468992,7.589351764382433,0.8571633178674988,63.709898995840774
18.288238918499196,8.41397868543514,0.7308580719065596,85.49130732890892
8.375410497841463,9.990085068357697,0.960497260548288,80.96260661214109
7.662770564989949,9.598679988061345,0.8472977136266426,77.10605107041185
10.37835410565675,7.85539119721115,0.8644905308279083,79.29841922581294
0.9393193355011009,6.527488319764432,0.9308454518936726,60.016361447413395
3.325667375121588,7.817064188249397,0.6370357946710955,67.90312536993133
14.76067232852741,8.713909708481392,0.9035354519333515,86.53933906935222
1.6559733585025294,4.7100171455403235,0.597620301478246,47.48484851191491
12.063042189327764,6.4594293381777295,0.6726709761224439,78.52293858700106
4.906982193626419,9.038813713813703,0.6678052271349213,73.72322382705738
7.785912280839531,6.302997711598264,0.9892627341945703,67.81616616949255
5.773874735413997,7.431233627363119,0.9282686118739634,66.53534853032855
7.113454329298983,7.5266161651731895,0.8505849307951299,71.77448981967422
14.380918103684909,5.106857518801836,0.863528380807695,82.72863179177877
5.942434312463501,6.173412649913731,0.7810363972012855,60.52743520639831
11.328092805937944,6.007067732451593,0.9735453335542595,85.09617609694425
9.521008043981993,4.157180251192389,0.7481293764411807,82.3559446583835
13.273423307252962,4.145150583348132,0.6902588549349473,78.39996964277138
18.73659478649516,8.990182262054642,0.5815176684657954,85.32956590326398
14.651441944205006,5.638424859836874,0.8931028261305289,76.65801814583071
4.298807571815136,7.108472597432892,0.8672219660377958,65.40675013187982
0.6236627012256934,5.792353441532638,0.6921775192620674,58.778001886394925
5.245280885996502,9.644075470692043,0.5125967069796147,64.81042788532272
11.901558614005097,5.5557805531946425,0.9194986638590054,79.31708694983735
1.028516269685007,6.57794087643361,0.5057089917270368,49.36233913745934
9.927324944024727,9.236381502907612,0.8518498898145255,70.76773879230056
11.936856978337785,9.051601400750851,0.9851285548630285,86.77801710837241
6.684877816339217,5.116608507077664,0.7188306640741018,69.89176543927705
15.418244074916439,8.815859858774262,0.6174867024979764,75.8281916044023
2.131965062675436,6.749121320427356,0.8524355050216909,67.27330923013162
1.5027556347161752,6.8978132325121315,0.9085640710077926,62.00986057591681
14.563775124072066,4.800879834495663,0.7732151580389237,88.67741332404542
9.90982632412397,4.483609082542748,0.9835176376280731,69.13444366956043
13.76804792855472,8.367635841842592,0.5258343608289806,72.15005266973816
8.696546772074925,6.978766914131798,0.7523977991522641,70.23447823943002
4.928040664782136,6.621104215691077,0.859226973661275,67.47216530645412
16.382046353483993,8.377049371914381,0.9313202355745895,99.1024104782416
15.988317579379585,8.593077393946658,0.5896278059538951,87.77782460608769
13.893929417088536,4.953449006016122,0.9000017408818407,81.35138733887665
5.4429027445992535,7.661350896865848,0.7763535378592726,60.08495122623379
11.804613337381742,4.812124493666113,0.6982768409949816,81.21610153308427
7.2194779388005355,8.508250516174275,0.5658575142895468,61.568047681880095
1.831641466532683,7.941730937602837,0.9326478794544562,68.95826943954003
18.346271509244858,9.739687726500748,0.5786366040898576,87.98136479745206
2.736372618379228,4.413748098138527,0.6548939296045496,64.01719283452752
19.00474707641605,4.342328326907526,0.6450227659812184,91.81617051050425
8.920115459159115,5.693122448159201,0.9357070170954271,73.06880918289416
